Workbook

Sheet راهنما
A1: مدیر مالی رستوران
A2: یک ابزار هوش مالی برای رستوران‌ها — نه فقط یک ماشین‌حساب.
B4: این فایل چه کاری انجام می‌دهد
B5: هدف | C5: اعداد خام رستوران شما (مواد اولیه، دستور پخت، هزینه‌ها، فروش) را به تصمیمات قیمت‌گذاری، یک امتیاز سودآوری و فهرستی از اقدامات اولویت‌بندی‌شده تبدیل می‌کند.
B7: راهنمای رنگ‌ها
B8: متن آبی / زمینه زرد | C8: سلول‌هایی که باید ویرایش کنید — داده‌های خودتان اینجا وارد می‌شود.
B9: متن مشکی | C9: فرمول‌ها — آن‌ها را بازنویسی نکنید، به‌طور خودکار محاسبه می‌شوند.
B10: متن سبز | C10: مقادیری که به‌طور خودکار از شیت دیگری آورده شده‌اند.
B12: روند کار (به همین ترتیب انجام دهید)
C13: ۱. پروفایل کسب‌وکار — واحد پول، مالیات بر ارزش افزوده، اهداف و روزهای کاری را تنظیم کنید.
C14: ۲. بانک اطلاعات مواد اولیه — هر ماده اولیه و قیمت خریدش را وارد کنید.
C15: ۳. دستور پخت — دستور پخت هر آیتم منو را از همان مواد اولیه بسازید.
C16: ۴. بسته‌بندی — هزینه بسته‌بندی هر آیتم منو را اضافه کنید.
C17: ۵. هزینه‌های عملیاتی — هزینه‌های ثابت ماهانه (اجاره، حقوق و غیره) را وارد کنید.
C18: ۶. قیمت‌گذاری منو — قیمت فروش را تعیین کنید؛ حاشیه سود و وضعیت محاسبه‌شده را بررسی کنید.
C19: ۷. فروش — فروش روزانه هر آیتم را ثبت کنید (یا از خروجی صندوق فروش کپی کنید).
C20: ۸. بقیه شیت‌ها (داشبورد، امتیاز سلامت، مهندسی منو، نشت سود،
C21: پیشنهادها) به‌طور خودکار محاسبه می‌شوند — چیز دیگری برای وارد کردن نیست.
B23: دوره پیشنهادی به‌روزرسانی
B24: فروش | C24: روزانه یا هفتگی (از صندوق فروش کپی کنید)
B25: مواد اولیه / قیمت خرید | C25: هر زمان که قیمت تأمین‌کننده تغییر کند
B26: دستور پخت | C26: هر زمان که یک دستور پخت تغییر کند
B27: هزینه‌های عملیاتی | C27: ماهانه
B28: بازبینی قیمت‌گذاری منو | C28: ماهانه — ستون وضعیت سود را بررسی کنید
B30: در این نسخه گنجانده شده
C31: پروفایل کسب‌وکار، بانک اطلاعات مواد اولیه، دستور پخت، بسته‌بندی، هزینه‌های عملیاتی،
C32: قیمت‌گذاری منو، فروش، خلاصه موجودی، داشبورد، امتیاز سلامت رستوران،
C33: مهندسی منو، نشت سود و پیشنهادها.
B35: هنوز ساخته نشده (در صورت درخواست اضافه می‌شود)
C36: شبیه‌ساز سناریو، امتیاز فرصت، و گزارش مدیریتی قابل چاپ.
B37: نکاتی درباره فرمول‌ها
C38: این فایل به‌جای XLOOKUP/FILTER/SORT از INDEX/MATCH و SUMIFS استفاده می‌کند، تا هر فرمول در هر نسخه‌ای از اکسل یا LibreOffice به‌درستی محاسبه شود.

Sheet پروفایل کسب‌وکار
A1: پروفایل کسب‌وکار
A2: تنظیمات اصلی مورد استفاده در کل فایل.
A4: فیلد | B4: مقدار
A5: نام کسب‌وکار | B5: رستوران پیتزا بلاویستا
A6: واحد پول | B6: USD
A7: درصد مالیات بر ارزش افزوده | B7: 0.08
A8: روزهای کاری در ماه | B8: 26
A9: هدف درصد هزینه غذا | B9: 0.3
A10: هدف حاشیه سود ناخالص | B10: 0.65
A11: هدف حاشیه سود خالص | B11: 0.15
A12: هدف سود ماهانه | B12: 15000
A13: درآمد ماهانه مورد انتظار | B13: 80000
A14: میانگین سفارش روزانه | B14: 120
A15: میانگین تعداد آیتم در هر سفارش | B15: 2
A16: میانگین ارزش هر سفارش (محاسبه‌شده) | B16: =B13/(B8*B14) -> 25.641026

Sheet داشبورد
A1: داشبورد مدیریتی
A2: مدیر مالی رستوران — نمای زنده وضعیت
A4: درآمد کل (دوره) | C4: سود ناخالص کل (دوره) | E4: سود خالص کل (دوره) | G4: میانگین درصد هزینه غذا
A5: =SUM(فروش!$D$5:$D$124) -> 21685.6 | C5: =SUM(فروش!$E$5:$E$124) -> 18483.649 | E5: =SUM(فروش!$F$5:$F$124) -> 4323.4436 | G5: =AVERAGE('قیمت‌گذاری منو'!$O$5:$O$10) -> 0.086018687
A8: میانگین درصد حاشیه سود خالص | C8: میانگین سود هر فروش | E8: سود تخمینی ماهانه | G8: امتیاز سلامت رستوران
A9: =AVERAGE('قیمت‌گذاری منو'!$N$5:$N$10) -> -0.060768605 | C9: =IFERROR(SUM(فروش!$F$5:$F$124)/SUM(فروش!$C$5:$C$124),0) -> 2.4153316 | E9: =IFERROR(SUM(فروش!$F$5:$F$124)/(فروش!$A$124-فروش!$A$5+1)*'پروفایل کسب‌وکار'!$B$8,0) -> 5620.4767 | G9: ='امتیاز سلامت رستوران'!$D$16 -> 58.871654
A14: آیتم منو | B14: درآمد | C14: سود خالص | D14: تعداد فروش
A15: ='قیمت‌گذاری منو'!A5 -> پیتزا مارگاریتا | B15: =SUMIFS(فروش!$D$5:$D$124,فروش!$B$5:$B$124,A15) -> 5617.3 | C15: =SUMIFS(فروش!$F$5:$F$124,فروش!$B$5:$B$124,A15) -> 1652.7451 | D15: =SUMIFS(فروش!$C$5:$C$124,فروش!$B$5:$B$124,A15) -> 377
A16: ='قیمت‌گذاری منو'!A6 -> پیتزا پپرونی | B16: =SUMIFS(فروش!$D$5:$D$124,فروش!$B$5:$B$124,A16) -> 7452.9 | C16: =SUMIFS(فروش!$F$5:$F$124,فروش!$B$5:$B$124,A16) -> 2593.0379 | D16: =SUMIFS(فروش!$C$5:$C$124,فروش!$B$5:$B$124,A16) -> 441
A17: ='قیمت‌گذاری منو'!A7 -> سالاد سزار | B17: =SUMIFS(فروش!$D$5:$D$124,فروش!$B$5:$B$124,A17) -> 2415 | C17: =SUMIFS(فروش!$F$5:$F$124,فروش!$B$5:$B$124,A17) -> 333.57923 | D17: =SUMIFS(فروش!$C$5:$C$124,فروش!$B$5:$B$124,A17) -> 210
A18: ='قیمت‌گذاری منو'!A8 -> برگر مرغ | B18: =SUMIFS(فروش!$D$5:$D$124,فروش!$B$5:$B$124,A18) -> 4140.9 | C18: =SUMIFS(فروش!$F$5:$F$124,فروش!$B$5:$B$124,A18) -> 1122.0152 | D18: =SUMIFS(فروش!$C$5:$C$124,فروش!$B$5:$B$124,A18) -> 321
A19: ='قیمت‌گذاری منو'!A9 -> نان سیر | B19: =SUMIFS(فروش!$D$5:$D$124,فروش!$B$5:$B$124,A19) -> 1118 | C19: =SUMIFS(فروش!$F$5:$F$124,فروش!$B$5:$B$124,A19) -> -284.50056 | D19: =SUMIFS(فروش!$C$5:$C$124,فروش!$B$5:$B$124,A19) -> 172
A20: ='قیمت‌گذاری منو'!A10 -> چای یخ | B20: =SUMIFS(فروش!$D$5:$D$124,فروش!$B$5:$B$124,A20) -> 941.5 | C20: =SUMIFS(فروش!$F$5:$F$124,فروش!$B$5:$B$124,A20) -> -1093.4333 | D20: =SUMIFS(فروش!$C$5:$C$124,فروش!$B$5:$B$124,A20) -> 269

Sheet بانک اطلاعات مواد اولیه
A1: بانک اطلاعات مواد اولیه
A2: هر ماده اولیه خام، با هزینه قابل استفاده به ازای هر گرم / عدد / لیتر.
A4: ماده اولیه | B4: دسته‌بندی | C4: تأمین‌کننده | D4: واحد خرید | E4: اندازه بسته | F4: قیمت خرید | G4: درصد ضایعات | H4: درصد بازده | I4: موجودی فعلی | J4: حداقل موجودی | K4: هزینه واقعی واحد | L4: هزینه هر گرم | M4: هزینه هر عدد | N4: هزینه هر لیتر | O4: تاریخ آخرین خرید | P4: یادداشت
A5: آرد (۰۰) | B5: خشکبار | C5: غذایی میلان | D5: kg | E5: 25 | F5: 32.5 | G5: 0.02 | H5: 0.98 | I5: 120 | J5: 40 | K5: =IFERROR(F5/E5/H5,0) -> 1.3265306 | L5: =IF(D5="kg",K5/1000,IF(D5="g",K5,"")) -> 0.0013265306 | M5: =IF(D5="piece",K5,"") | N5: =IF(D5="l",K5,"") | O5: 46227
A6: موزارلا | B6: لبنیات | C6: لبنیات مستقیم | D6: kg | E6: 5 | F6: 38 | G6: 0.03 | H6: 0.97 | I6: 35 | J6: 15 | K6: =IFERROR(F6/E6/H6,0) -> 7.8350515 | L6: =IF(D6="kg",K6/1000,IF(D6="g",K6,"")) -> 0.0078350515 | M6: =IF(D6="piece",K6,"") | N6: =IF(D6="l",K6,"") | O6: 46226
A7: سس گوجه‌فرنگی | B7: سبزیجات و میوه | C7: غذایی میلان | D7: l | E7: 10 | F7: 14 | G7: 0.01 | H7: 0.99 | I7: 40 | J7: 15 | K7: =IFERROR(F7/E7/H7,0) -> 1.4141414 | L7: =IF(D7="kg",K7/1000,IF(D7="g",K7,"")) | M7: =IF(D7="piece",K7,"") | N7: =IF(D7="l",K7,"") -> 1.4141414 | O7: 46225
A8: پپرونی | B8: گوشت | C8: شرکت گوشت پرایم | D8: kg | E8: 3 | F8: 22.5 | G8: 0.05 | H8: 0.95 | I8: 18 | J8: 8 | K8: =IFERROR(F8/E8/H8,0) -> 7.8947368 | L8: =IF(D8="kg",K8/1000,IF(D8="g",K8,"")) -> 0.0078947368 | M8: =IF(D8="piece",K8,"") | N8: =IF(D8="l",K8,"") | O8: 46224
A9: روغن زیتون | B9: خشکبار | C9: غذایی میلان | D9: l | E9: 5 | F9: 24 | G9: 0 | H9: 1 | I9: 20 | J9: 8 | K9: =IFERROR(F9/E9/H9,0) -> 4.8 | L9: =IF(D9="kg",K9/1000,IF(D9="g",K9,"")) | M9: =IF(D9="piece",K9,"") | N9: =IF(D9="l",K9,"") -> 4.8 | O9: 46223
A10: ریحان تازه | B10: سبزیجات و میوه | C10: مزارع سبز | D10: kg | E10: 1 | F10: 18 | G10: 0.1 | H10: 0.9 | I10: 3 | J10: 1 | K10: =IFERROR(F10/E10/H10,0) -> 20 | L10: =IF(D10="kg",K10/1000,IF(D10="g",K10,"")) -> 0.02 | M10: =IF(D10="piece",K10,"") | N10: =IF(D10="l",K10,"") | O10: 46222
A11: مخمر | B11: خشکبار | C11: غذایی میلان | D11: kg | E11: 1 | F11: 9.5 | G11: 0.01 | H11: 0.99 | I11: 6 | J11: 2 | K11: =IFERROR(F11/E11/H11,0) -> 9.5959596 | L11: =IF(D11="kg",K11/1000,IF(D11="g",K11,"")) -> 0.0095959596 | M11: =IF(D11="piece",K11,"") | N11: =IF(D11="l",K11,"") | O11: 46221
A12: سینه مرغ | B12: گوشت | C12: شرکت گوشت پرایم | D12: kg | E12: 10 | F12: 16 | G12: 0.08 | H12: 0.92 | I12: 25 | J12: 10 | K12: =IFERROR(F12/E12/H12,0) -> 1.7391304 | L12: =IF(D12="kg",K12/1000,IF(D12="g",K12,"")) -> 0.0017391304 | M12: =IF(D12="piece",K12,"") | N12: =IF(D12="l",K12,"") | O12: 46220
A13: کاهو | B13: سبزیجات و میوه | C13: مزارع سبز | D13: kg | E13: 5 | F13: 4.2 | G13: 0.15 | H13: 0.85 | I13: 10 | J13: 4 | K13: =IFERROR(F13/E13/H13,0) -> 0.98823529 | L13: =IF(D13="kg",K13/1000,IF(D13="g",K13,"")) -> 0.00098823529 | M13: =IF(D13="piece",K13,"") | N13: =IF(D13="l",K13,"") | O13: 46219
A14: نان برگر | B14: نانوایی | C14: نانوایی شهر | D14: piece | E14: 1 | F14: 0.45 | G14: 0.02 | H14: 0.98 | I14: 300 | J14: 100 | K14: =IFERROR(F14/E14/H14,0) -> 0.45918367 | L14: =IF(D14="kg",K14/1000,IF(D14="g",K14,"")) | M14: =IF(D14="piece",K14,"") -> 0.45918367 | N14: =IF(D14="l",K14,"") | O14: 46218
A15: پارمزان | B15: لبنیات | C15: لبنیات مستقیم | D15: kg | E15: 2 | F15: 42 | G15: 0.02 | H15: 0.98 | I15: 6 | J15: 2 | K15: =IFERROR(F15/E15/H15,0) -> 21.428571 | L15: =IF(D15="kg",K15/1000,IF(D15="g",K15,"")) -> 0.021428571 | M15: =IF(D15="piece",K15,"") | N15: =IF(D15="l",K15,"") | O15: 46217
A16: پودر چای یخ | B16: نوشیدنی | C16: تأمین نوشیدنی | D16: l | E16: 4 | F16: 6 | G16: 0 | H16: 1 | I16: 30 | J16: 10 | K16: =IFERROR(F16/E16/H16,0) -> 1.5 | L16: =IF(D16="kg",K16/1000,IF(D16="g",K16,"")) | M16: =IF(D16="piece",K16,"") | N16: =IF(D16="l",K16,"") -> 1.5 | O16: 46216

Sheet دستور پخت
A1: دستور پخت
A2: دستور پخت‌ها خط به خط. هزینه مواد اولیه به‌طور خودکار از بانک اطلاعات مواد اولیه گرفته می‌شود.
A4: نام دستور پخت | B4: دسته‌بندی | C4: ماده اولیه | D4: مقدار | E4: واحد | F4: هزینه ماده اولیه | G4: وزن پرس (گرم) | H4: یادداشت دستور پخت
A5: پیتزا مارگاریتا | B5: پیتزا | C5: آرد (۰۰) | D5: 250 | E5: g | F5: =IFERROR($D5*IF($E5="g",INDEX('بانک اطلاعات مواد اولیه'!$L$5:$L$16,MATCH($C5,'بانک اطلاعات مواد اولیه'!$A$5:$A$16,0)),IF($E5="piece",INDEX('بانک اطلاعات مواد اولیه'!$M$5:$M$16,MATCH($C5,'بانک اطلاعات مواد اولیه'!$A$5:$A$16,0)),IF($E5="l",INDEX('بانک اطلاعات مواد اولیه'!$N$5:$N$16,MATCH($C5,'بانک اطلاعات مواد اولیه'!$A$5:$A$16,0)),0))),0) -> 0.33163265 | G5: =IF($E5="g",$D5,"") -> 250
A6: پیتزا مارگاریتا | B6: پیتزا | C6: موزارلا | D6: 120 | E6: g | F6: =IFERROR($D6*IF($E6="g",INDEX('بانک اطلاعات مواد اولیه'!$L$5:$L$16,MATCH($C6,'بانک اطلاعات مواد اولیه'!$A$5:$A$16,0)),IF($E6="piece",INDEX('بانک اطلاعات مواد اولیه'!$M$5:$M$16,MATCH($C6,'بانک اطلاعات مواد اولیه'!$A$5:$A$16,0)),IF($E6="l",INDEX('بانک اطلاعات مواد اولیه'!$N$5:$N$16,MATCH($C6,'بانک اطلاعات مواد اولیه'!$A$5:$A$16,0)),0))),0) -> 0.94020619 | G6: =IF($E6="g",$D6,"") -> 120
A7: پیتزا مارگاریتا | B7: پیتزا | C7: سس گوجه‌فرنگی | D7: 0.1 | E7: l | F7: =IFERROR($D7*IF($E7="g",INDEX('بانک اطلاعات مواد اولیه'!$L$5:$L$16,MATCH($C7,'بانک اطلاعات مواد اولیه'!$A$5:$A$16,0)),IF($E7="piece",INDEX('بانک اطلاعات مواد اولیه'!$M$5:$M$16,MATCH($C7,'بانک اطلاعات مواد اولیه'!$A$5:$A$16,0)),IF($E7="l",INDEX('بانک اطلاعات مواد اولیه'!$N$5:$N$16,MATCH($C7,'بانک اطلاعات مواد اولیه'!$A$5:$A$16,0)),0))),0) -> 0.14141414 | G7: =IF($E7="g",$D7,"")
A8: پیتزا مارگاریتا | B8: پیتزا | C8: ریحان تازه | D8: 5 | E8: g | F8: =IFERROR($D8*IF($E8="g",INDEX('بانک اطلاعات مواد اولیه'!$L$5:$L$16,MATCH($C8,'بانک اطلاعات مواد اولیه'!$A$5:$A$16,0)),IF($E8="piece",INDEX('بانک اطلاعات مواد اولیه'!$M$5:$M$16,MATCH($C8,'بانک اطلاعات مواد اولیه'!$A$5:$A$16,0)),IF($E8="l",INDEX('بانک اطلاعات مواد اولیه'!$N$5:$N$16,MATCH($C8,'بانک اطلاعات مواد اولیه'!$A$5:$A$16,0)),0))),0) -> 0.1 | G8: =IF($E8="g",$D8,"") -> 5
A9: پیتزا مارگاریتا | B9: پیتزا | C9: روغن زیتون | D9: 0.01 | E9: l | F9: =IFERROR($D9*IF($E9="g",INDEX('بانک اطلاعات مواد اولیه'!$L$5:$L$16,MATCH($C9,'بانک اطلاعات مواد اولیه'!$A$5:$A$16,0)),IF($E9="piece",INDEX('بانک اطلاعات مواد اولیه'!$M$5:$M$16,MATCH($C9,'بانک اطلاعات مواد اولیه'!$A$5:$A$16,0)),IF($E9="l",INDEX('بانک اطلاعات مواد اولیه'!$N$5:$N$16,MATCH($C9,'بانک اطلاعات مواد اولیه'!$A$5:$A$16,0)),0))),0) -> 0.048 | G9: =IF($E9="g",$D9,"") | H9: پخت با کوره هیزمی، ۲۵۰ درجه
A10: پیتزا پپرونی | B10: پیتزا | C10: آرد (۰۰) | D10: 250 | E10: g | F10: =IFERROR($D10*IF($E10="g",INDEX('بانک اطلاعات مواد اولیه'!$L$5:$L$16,MATCH($C10,'بانک اطلاعات مواد اولیه'!$A$5:$A$16,0)),IF($E10="piece",INDEX('بانک اطلاعات مواد اولیه'!$M$5:$M$16,MATCH($C10,'بانک اطلاعات مواد اولیه'!$A$5:$A$16,0)),IF($E10="l",INDEX('بانک اطلاعات مواد اولیه'!$N$5:$N$16,MATCH($C10,'بانک اطلاعات مواد اولیه'!$A$5:$A$16,0)),0))),0) -> 0.33163265 | G10: =IF($E10="g",$D10,"") -> 250
A11: پیتزا پپرونی | B11: پیتزا | C11: موزارلا | D11: 130 | E11: g | F11: =IFERROR($D11*IF($E11="g",INDEX('بانک اطلاعات مواد اولیه'!$L$5:$L$16,MATCH($C11,'بانک اطلاعات مواد اولیه'!$A$5:$A$16,0)),IF($E11="piece",INDEX('بانک اطلاعات مواد اولیه'!$M$5:$M$16,MATCH($C11,'بانک اطلاعات مواد اولیه'!$A$5:$A$16,0)),IF($E11="l",INDEX('بانک اطلاعات مواد اولیه'!$N$5:$N$16,MATCH($C11,'بانک اطلاعات مواد اولیه'!$A$5:$A$16,0)),0))),0) -> 1.0185567 | G11: =IF($E11="g",$D11,"") -> 130
A12: پیتزا پپرونی | B12: پیتزا | C12: سس گوجه‌فرنگی | D12: 0.1 | E12: l | F12: =IFERROR($D12*IF($E12="g",INDEX('بانک اطلاعات مواد اولیه'!$L$5:$L$16,MATCH($C12,'بانک اطلاعات مواد اولیه'!$A$5:$A$16,0)),IF($E12="piece",INDEX('بانک اطلاعات مواد اولیه'!$M$5:$M$16,MATCH($C12,'بانک اطلاعات مواد اولیه'!$A$5:$A$16,0)),IF($E12="l",INDEX('بانک اطلاعات مواد اولیه'!$N$5:$N$16,MATCH($C12,'بانک اطلاعات مواد اولیه'!$A$5:$A$16,0)),0))),0) -> 0.14141414 | G12: =IF($E12="g",$D12,"")
A13: پیتزا پپرونی | B13: پیتزا | C13: پپرونی | D13: 60 | E13: g | F13: =IFERROR($D13*IF($E13="g",INDEX('بانک اطلاعات مواد اولیه'!$L$5:$L$16,MATCH($C13,'بانک اطلاعات مواد اولیه'!$A$5:$A$16,0)),IF($E13="piece",INDEX('بانک اطلاعات مواد اولیه'!$M$5:$M$16,MATCH($C13,'بانک اطلاعات مواد اولیه'!$A$5:$A$16,0)),IF($E13="l",INDEX('بانک اطلاعات مواد اولیه'!$N$5:$N$16,MATCH($C13,'بانک اطلاعات مواد اولیه'!$A$5:$A$16,0)),0))),0) -> 0.47368421 | G13: =IF($E13="g",$D13,"") -> 60 | H13: ترد و کرانچی اضافه
A14: سالاد سزار | B14: سالاد | C14: کاهو | D14: 150 | E14: g | F14: =IFERROR($D14*IF($E14="g",INDEX('بانک اطلاعات مواد اولیه'!$L$5:$L$16,MATCH($C14,'بانک اطلاعات مواد اولیه'!$A$5:$A$16,0)),IF($E14="piece",INDEX('بانک اطلاعات مواد اولیه'!$M$5:$M$16,MATCH($C14,'بانک اطلاعات مواد اولیه'!$A$5:$A$16,0)),IF($E14="l",INDEX('بانک اطلاعات مواد اولیه'!$N$5:$N$16,MATCH($C14,'بانک اطلاعات مواد اولیه'!$A$5:$A$16,0)),0))),0) -> 0.14823529 | G14: =IF($E14="g",$D14,"") -> 150
A15: سالاد سزار | B15: سالاد | C15: پارمزان | D15: 20 | E15: g | F15: =IFERROR($D15*IF($E15="g",INDEX('بانک اطلاعات مواد اولیه'!$L$5:$L$16,MATCH($C15,'بانک اطلاعات مواد اولیه'!$A$5:$A$16,0)),IF($E15="piece",INDEX('بانک اطلاعات مواد اولیه'!$M$5:$M$16,MATCH($C15,'بانک اطلاعات مواد اولیه'!$A$5:$A$16,0)),IF($E15="l",INDEX('بانک اطلاعات مواد اولیه'!$N$5:$N$16,MATCH($C15,'بانک اطلاعات مواد اولیه'!$A$5:$A$16,0)),0))),0) -> 0.42857143 | G15: =IF($E15="g",$D15,"") -> 20
A16: سالاد سزار | B16: سالاد | C16: سینه مرغ | D16: 100 | E16: g | F16: =IFERROR($D16*IF($E16="g",INDEX('بانک اطلاعات مواد اولیه'!$L$5:$L$16,MATCH($C16,'بانک اطلاعات مواد اولیه'!$A$5:$A$16,0)),IF($E16="piece",INDEX('بانک اطلاعات مواد اولیه'!$M$5:$M$16,MATCH($C16,'بانک اطلاعات مواد اولیه'!$A$5:$A$16,0)),IF($E16="l",INDEX('بانک اطلاعات مواد اولیه'!$N$5:$N$16,MATCH($C16,'بانک اطلاعات مواد اولیه'!$A$5:$A$16,0)),0))),0) -> 0.17391304 | G16: =IF($E16="g",$D16,"") -> 100
A17: سالاد سزار | B17: سالاد | C17: روغن زیتون | D17: 0.02 | E17: l | F17: =IFERROR($D17*IF($E17="g",INDEX('بانک اطلاعات مواد اولیه'!$L$5:$L$16,MATCH($C17,'بانک اطلاعات مواد اولیه'!$A$5:$A$16,0)),IF($E17="piece",INDEX('بانک اطلاعات مواد اولیه'!$M$5:$M$16,MATCH($C17,'بانک اطلاعات مواد اولیه'!$A$5:$A$16,0)),IF($E17="l",INDEX('بانک اطلاعات مواد اولیه'!$N$5:$N$16,MATCH($C17,'بانک اطلاعات مواد اولیه'!$A$5:$A$16,0)),0))),0) -> 0.096 | G17: =IF($E17="g",$D17,"") | H17: پایه سس
A18: برگر مرغ | B18: برگر | C18: نان برگر | D18: 1 | E18: piece | F18: =IFERROR($D18*IF($E18="g",INDEX('بانک اطلاعات مواد اولیه'!$L$5:$L$16,MATCH($C18,'بانک اطلاعات مواد اولیه'!$A$5:$A$16,0)),IF($E18="piece",INDEX('بانک اطلاعات مواد اولیه'!$M$5:$M$16,MATCH($C18,'بانک اطلاعات مواد اولیه'!$A$5:$A$16,0)),IF($E18="l",INDEX('بانک اطلاعات مواد اولیه'!$N$5:$N$16,MATCH($C18,'بانک اطلاعات مواد اولیه'!$A$5:$A$16,0)),0))),0) -> 0.45918367 | G18: =IF($E18="g",$D18,"")
A19: برگر مرغ | B19: برگر | C19: سینه مرغ | D19: 150 | E19: g | F19: =IFERROR($D19*IF($E19="g",INDEX('بانک اطلاعات مواد اولیه'!$L$5:$L$16,MATCH($C19,'بانک اطلاعات مواد اولیه'!$A$5:$A$16,0)),IF($E19="piece",INDEX('بانک اطلاعات مواد اولیه'!$M$5:$M$16,MATCH($C19,'بانک اطلاعات مواد اولیه'!$A$5:$A$16,0)),IF($E19="l",INDEX('بانک اطلاعات مواد اولیه'!$N$5:$N$16,MATCH($C19,'بانک اطلاعات مواد اولیه'!$A$5:$A$16,0)),0))),0) -> 0.26086957 | G19: =IF($E19="g",$D19,"") -> 150
A20: برگر مرغ | B20: برگر | C20: کاهو | D20: 20 | E20: g | F20: =IFERROR($D20*IF($E20="g",INDEX('بانک اطلاعات مواد اولیه'!$L$5:$L$16,MATCH($C20,'بانک اطلاعات مواد اولیه'!$A$5:$A$16,0)),IF($E20="piece",INDEX('بانک اطلاعات مواد اولیه'!$M$5:$M$16,MATCH($C20,'بانک اطلاعات مواد اولیه'!$A$5:$A$16,0)),IF($E20="l",INDEX('بانک اطلاعات مواد اولیه'!$N$5:$N$16,MATCH($C20,'بانک اطلاعات مواد اولیه'!$A$5:$A$16,0)),0))),0) -> 0.019764706 | G20: =IF($E20="g",$D20,"") -> 20
A21: نان سیر | B21: پیش‌غذا | C21: آرد (۰۰) | D21: 150 | E21: g | F21: =IFERROR($D21*IF($E21="g",INDEX('بانک اطلاعات مواد اولیه'!$L$5:$L$16,MATCH($C21,'بانک اطلاعات مواد اولیه'!$A$5:$A$16,0)),IF($E21="piece",INDEX('بانک اطلاعات مواد اولیه'!$M$5:$M$16,MATCH($C21,'بانک اطلاعات مواد اولیه'!$A$5:$A$16,0)),IF($E21="l",INDEX('بانک اطلاعات مواد اولیه'!$N$5:$N$16,MATCH($C21,'بانک اطلاعات مواد اولیه'!$A$5:$A$16,0)),0))),0) -> 0.19897959 | G21: =IF($E21="g",$D21,"") -> 150
A22: نان سیر | B22: پیش‌غذا | C22: روغن زیتون | D22: 0.02 | E22: l | F22: =IFERROR($D22*IF($E22="g",INDEX('بانک اطلاعات مواد اولیه'!$L$5:$L$16,MATCH($C22,'بانک اطلاعات مواد اولیه'!$A$5:$A$16,0)),IF($E22="piece",INDEX('بانک اطلاعات مواد اولیه'!$M$5:$M$16,MATCH($C22,'بانک اطلاعات مواد اولیه'!$A$5:$A$16,0)),IF($E22="l",INDEX('بانک اطلاعات مواد اولیه'!$N$5:$N$16,MATCH($C22,'بانک اطلاعات مواد اولیه'!$A$5:$A$16,0)),0))),0) -> 0.096 | G22: =IF($E22="g",$D22,"")
A23: نان سیر | B23: پیش‌غذا | C23: پارمزان | D23: 10 | E23: g | F23: =IFERROR($D23*IF($E23="g",INDEX('بانک اطلاعات مواد اولیه'!$L$5:$L$16,MATCH($C23,'بانک اطلاعات مواد اولیه'!$A$5:$A$16,0)),IF($E23="piece",INDEX('بانک اطلاعات مواد اولیه'!$M$5:$M$16,MATCH($C23,'بانک اطلاعات مواد اولیه'!$A$5:$A$16,0)),IF($E23="l",INDEX('بانک اطلاعات مواد اولیه'!$N$5:$N$16,MATCH($C23,'بانک اطلاعات مواد اولیه'!$A$5:$A$16,0)),0))),0) -> 0.21428571 | G23: =IF($E23="g",$D23,"") -> 10
A24: چای یخ | B24: نوشیدنی | C24: پودر چای یخ | D24: 0.2 | E24: l | F24: =IFERROR($D24*IF($E24="g",INDEX('بانک اطلاعات مواد اولیه'!$L$5:$L$16,MATCH($C24,'بانک اطلاعات مواد اولیه'!$A$5:$A$16,0)),IF($E24="piece",INDEX('بانک اطلاعات مواد اولیه'!$M$5:$M$16,MATCH($C24,'بانک اطلاعات مواد اولیه'!$A$5:$A$16,0)),IF($E24="l",INDEX('بانک اطلاعات مواد اولیه'!$N$5:$N$16,MATCH($C24,'بانک اطلاعات مواد اولیه'!$A$5:$A$16,0)),0))),0) -> 0.3 | G24: =IF($E24="g",$D24,"") | H24: روی یخ سرو می‌شود
A27: خلاصه هزینه دستور پخت
A28: نام دستور پخت | B28: دسته‌بندی | C28: هزینه کل دستور پخت | D28: وزن کل پرس (گرم) | E28: اندازه سرو | F28: یادداشت دستور پخت
A29: پیتزا مارگاریتا | B29: پیتزا | C29: =SUMIFS($F$5:$F$24,$A$5:$A$24,A29) -> 1.561253 | D29: =SUMIFS($G$5:$G$24,$A$5:$A$24,A29) -> 375 | E29: ۱ پیتزا (۳۰ سانتی‌متر)
A30: پیتزا پپرونی | B30: پیتزا | C30: =SUMIFS($F$5:$F$24,$A$5:$A$24,A30) -> 1.9652877 | D30: =SUMIFS($G$5:$G$24,$A$5:$A$24,A30) -> 440 | E30: ۱ پیتزا (۳۰ سانتی‌متر)
A31: سالاد سزار | B31: سالاد | C31: =SUMIFS($F$5:$F$24,$A$5:$A$24,A31) -> 0.84671977 | D31: =SUMIFS($G$5:$G$24,$A$5:$A$24,A31) -> 270 | E31: ۱ کاسه
A32: برگر مرغ | B32: برگر | C32: =SUMIFS($F$5:$F$24,$A$5:$A$24,A32) -> 0.73981794 | D32: =SUMIFS($G$5:$G$24,$A$5:$A$24,A32) -> 170 | E32: ۱ برگر
A33: نان سیر | B33: پیش‌غذا | C33: =SUMIFS($F$5:$F$24,$A$5:$A$24,A33) -> 0.50926531 | D33: =SUMIFS($G$5:$G$24,$A$5:$A$24,A33) -> 160 | E33: ۱ پرس (۴ تکه)
A34: چای یخ | B34: نوشیدنی | C34: =SUMIFS($F$5:$F$24,$A$5:$A$24,A34) -> 0.3 | D34: =SUMIFS($G$5:$G$24,$A$5:$A$24,A34) -> 0 | E34: ۱ لیوان (۴۰۰ میلی‌لیتر)

Sheet بسته‌بندی
A1: بسته‌بندی
A2: هزینه بسته‌بندی هر آیتم منو، متصل به قیمت‌گذاری منو.
A4: آیتم منو | B4: ظرف | C4: جعبه | D4: کیسه | E4: دستمال/قاشق‌چنگال | F4: ظرف سس | G4: برچسب | H4: بسته‌بندی ارسال | I4: هزینه کل بسته‌بندی
A5: پیتزا مارگاریتا | B5: 0.35 | C5: 0.4 | D5: 0 | E5: 0.08 | F5: 0.05 | G5: 0.02 | H5: 0.1 | I5: =SUM(B5:H5) -> 1
A6: پیتزا پپرونی | B6: 0.35 | C6: 0.4 | D6: 0 | E6: 0.08 | F6: 0.05 | G6: 0.02 | H6: 0.1 | I6: =SUM(B6:H6) -> 1
A7: سالاد سزار | B7: 0.2 | C7: 0 | D7: 0.1 | E7: 0.05 | F7: 0.06 | G7: 0.02 | H7: 0.08 | I7: =SUM(B7:H7) -> 0.51
A8: برگر مرغ | B8: 0.12 | C8: 0 | D8: 0.08 | E8: 0.05 | F8: 0.06 | G8: 0.02 | H8: 0.08 | I8: =SUM(B8:H8) -> 0.41
A9: نان سیر | B9: 0.1 | C9: 0 | D9: 0.08 | E9: 0.03 | F9: 0 | G9: 0.02 | H9: 0.06 | I9: =SUM(B9:H9) -> 0.29
A10: چای یخ | B10: 0.15 | C10: 0 | D10: 0 | E10: 0.02 | F10: 0 | G10: 0 | H10: 0.04 | I10: =SUM(B10:H10) -> 0.21

Sheet هزینه‌های عملیاتی
A1: هزینه‌های عملیاتی
A2: هزینه‌های ثابت ماهانه، تسهیم‌شده تا رسیدن به رقم هزینه هر سفارش.
A4: دسته هزینه | B4: مبلغ ماهانه
A5: اجاره | B5: 9500
A6: برق | B6: 1800
A7: گاز | B7: 900
A8: آب | B8: 400
A9: اینترنت | B9: 150
A10: بیمه | B10: 600
A11: نظافت | B11: 500
A12: بازاریابی | B12: 2000
A13: نرم‌افزار / صندوق فروش | B13: 300
A14: تجهیزات (اجاره/نگهداری) | B14: 700
A15: حقوق کارکنان | B15: 22000
A16: مالیات (غیر از ارزش افزوده) | B16: 1200
... A18: متفرقه | B18: 500
A20: هزینه سربار ماهانه | B20: =SUM(B5:B18) -> 42150
A21: روزهای کاری در ماه (از پروفایل کسب‌وکار) | B21: ='پروفایل کسب‌وکار'!$B$8 -> 26
A22: هزینه سربار روزانه | B22: =IFERROR(B20/B21,0) -> 1621.1538
A23: میانگین سفارش روزانه (از پروفایل کسب‌وکار) | B23: ='پروفایل کسب‌وکار'!$B$14 -> 120
A24: هزینه هر سفارش | B24: =IFERROR(B22/B23,0) -> 13.509615
A25: میانگین تعداد آیتم در هر سفارش (از پروفایل کسب‌وکار) | B25: ='پروفایل کسب‌وکار'!$B$15 -> 2
A26: سربار تسهیم‌شده به هر آیتم منو | B26: =IFERROR(B24/B25,0) -> 6.7548077

Sheet قیمت‌گذاری منو
A1: قیمت‌گذاری منو
A2: موتور مالی: تمام هزینه‌ها، حاشیه سود و پیشنهاد قیمت برای هر آیتم منو.
A4: آیتم منو | B4: دسته‌بندی | C4: هزینه دستور پخت | D4: هزینه بسته‌بندی | E4: هزینه نیروی کار | F4: سربار تسهیم‌شده | G4: کارمزد ارسال | H4: مالیات بر ارزش افزوده | I4: هزینه کل | J4: قیمت فروش | K4: سود ناخالص | L4: درصد حاشیه سود ناخالص | M4: سود خالص | N4: درصد حاشیه سود خالص | O4: درصد هزینه غذا | P4: درصد نشانه‌گذاری قیمت | Q4: قیمت سربه‌سر | R4: قیمت پیشنهادی | S4: قیمت هدف | T4: فاصله قیمتی | U4: وضعیت سود
A5: پیتزا مارگاریتا | B5: پیتزا | C5: =IFERROR(INDEX('دستور پخت'!$C$29:$C$34,MATCH($A5,'دستور پخت'!$A$29:$A$34,0)),0) -> 1.561253 | D5: =IFERROR(INDEX('بسته‌بندی'!$I$5:$I$10,MATCH($A5,'بسته‌بندی'!$A$5:$A$10,0)),0) -> 1 | E5: 1.2 | F5: =Overhead_Per_Item -> 6.7548077 | G5: 0 | H5: =$J5*'پروفایل کسب‌وکار'!$B$7 -> 1.192 | I5: =C5+D5+E5+F5+G5 -> 10.516061 | J5: 14.9 | K5: =J5-C5-D5 -> 12.338747 | L5: =IFERROR(K5/J5,0) -> 0.82810383 | M5: =J5-I5 -> 4.3839393 | N5: =IFERROR(M5/J5,0) -> 0.29422412 | O5: =IFERROR(C5/J5,0) -> 0.10478208 | P5: =IFERROR((J5-C5)/C5,0) -> 8.5436167 | Q5: =I5 -> 10.516061 | R5: =IFERROR(I5/(1-'پروفایل کسب‌وکار'!$B$11),0) -> 12.371836 | S5: =IFERROR(C5/'پروفایل کسب‌وکار'!$B$9,0) -> 5.2041766 | T5: =J5-R5 -> 2.5281639 | U5: =IF(M5<0,"ضررده",IF(N5<'پروفایل کسب‌وکار'!$B$11*0.5,"حاشیه سود پایین",IF(N5<'پروفایل کسب‌وکار'!$B$11,"نیاز به بازبینی",IF(AND(N5>='پروفایل کسب‌وکار'!$B$11,O5<='پروفایل کسب‌وکار'!$B$9),"عالی","سالم")))) -> عالی
A6: پیتزا پپرونی | B6: پیتزا | C6: =IFERROR(INDEX('دستور پخت'!$C$29:$C$34,MATCH($A6,'دستور پخت'!$A$29:$A$34,0)),0) -> 1.9652877 | D6: =IFERROR(INDEX('بسته‌بندی'!$I$5:$I$10,MATCH($A6,'بسته‌بندی'!$A$5:$A$10,0)),0) -> 1 | E6: 1.3 | F6: =Overhead_Per_Item -> 6.7548077 | G6: 0 | H6: =$J6*'پروفایل کسب‌وکار'!$B$7 -> 1.352 | I6: =C6+D6+E6+F6+G6 -> 11.020095 | J6: 16.9 | K6: =J6-C6-D6 -> 13.934712 | L6: =IFERROR(K6/J6,0) -> 0.82453919 | M6: =J6-I6 -> 5.8799046 | N6: =IFERROR(M6/J6,0) -> 0.34792335 | O6: =IFERROR(C6/J6,0) -> 0.11628921 | P6: =IFERROR((J6-C6)/C6,0) -> 7.5992498 | Q6: =I6 -> 11.020095 | R6: =IFERROR(I6/(1-'پروفایل کسب‌وکار'!$B$11),0) -> 12.964818 | S6: =IFERROR(C6/'پروفایل کسب‌وکار'!$B$9,0) -> 6.550959 | T6: =J6-R6 -> 3.9351819 | U6: =IF(M6<0,"ضررده",IF(N6<'پروفایل کسب‌وکار'!$B$11*0.5,"حاشیه سود پایین",IF(N6<'پروفایل کسب‌وکار'!$B$11,"نیاز به بازبینی",IF(AND(N6>='پروفایل کسب‌وکار'!$B$11,O6<='پروفایل کسب‌وکار'!$B$9),"عالی","سالم")))) -> عالی
A7: سالاد سزار | B7: سالاد | C7: =IFERROR(INDEX('دستور پخت'!$C$29:$C$34,MATCH($A7,'دستور پخت'!$A$29:$A$34,0)),0) -> 0.84671977 | D7: =IFERROR(INDEX('بسته‌بندی'!$I$5:$I$10,MATCH($A7,'بسته‌بندی'!$A$5:$A$10,0)),0) -> 0.51 | E7: 1.8 | F7: =Overhead_Per_Item -> 6.7548077 | G7: 0 | H7: =$J7*'پروفایل کسب‌وکار'!$B$7 -> 0.92 | I7: =C7+D7+E7+F7+G7 -> 9.9115275 | J7: 11.5 | K7: =J7-C7-D7 -> 10.14328 | L7: =IFERROR(K7/J7,0) -> 0.88202437 | M7: =J7-I7 -> 1.5884725 | N7: =IFERROR(M7/J7,0) -> 0.13812805 | O7: =IFERROR(C7/J7,0) -> 0.073627806 | P7: =IFERROR((J7-C7)/C7,0) -> 12.581825 | Q7: =I7 -> 9.9115275 | R7: =IFERROR(I7/(1-'پروفایل کسب‌وکار'!$B$11),0) -> 11.660621 | S7: =IFERROR(C7/'پروفایل کسب‌وکار'!$B$9,0) -> 2.8223992 | T7: =J7-R7 -> -0.16062054 | U7: =IF(M7<0,"ضررده",IF(N7<'پروفایل کسب‌وکار'!$B$11*0.5,"حاشیه سود پایین",IF(N7<'پروفایل کسب‌وکار'!$B$11,"نیاز به بازبینی",IF(AND(N7>='پروفایل کسب‌وکار'!$B$11,O7<='پروفایل کسب‌وکار'!$B$9),"عالی","سالم")))) -> نیاز به بازبینی
A8: برگر مرغ | B8: برگر | C8: =IFERROR(INDEX('دستور پخت'!$C$29:$C$34,MATCH($A8,'دستور پخت'!$A$29:$A$34,0)),0) -> 0.73981794 | D8: =IFERROR(INDEX('بسته‌بندی'!$I$5:$I$10,MATCH($A8,'بسته‌بندی'!$A$5:$A$10,0)),0) -> 0.41 | E8: 1.5 | F8: =Overhead_Per_Item -> 6.7548077 | G8: 0 | H8: =$J8*'پروفایل کسب‌وکار'!$B$7 -> 1.032 | I8: =C8+D8+E8+F8+G8 -> 9.4046256 | J8: 12.9 | K8: =J8-C8-D8 -> 11.750182 | L8: =IFERROR(K8/J8,0) -> 0.91086683 | M8: =J8-I8 -> 3.4953744 | N8: =IFERROR(M8/J8,0) -> 0.27095925 | O8: =IFERROR(C8/J8,0) -> 0.057350228 | P8: =IFERROR((J8-C8)/C8,0) -> 16.436722 | Q8: =I8 -> 9.4046256 | R8: =IFERROR(I8/(1-'پروفایل کسب‌وکار'!$B$11),0) -> 11.064265 | S8: =IFERROR(C8/'پروفایل کسب‌وکار'!$B$9,0) -> 2.4660598 | T8: =J8-R8 -> 1.8357345 | U8: =IF(M8<0,"ضررده",IF(N8<'پروفایل کسب‌وکار'!$B$11*0.5,"حاشیه سود پایین",IF(N8<'پروفایل کسب‌وکار'!$B$11,"نیاز به بازبینی",IF(AND(N8>='پروفایل کسب‌وکار'!$B$11,O8<='پروفایل کسب‌وکار'!$B$9),"عالی","سالم")))) -> عالی
A9: نان سیر | B9: پیش‌غذا | C9: =IFERROR(INDEX('دستور پخت'!$C$29:$C$34,MATCH($A9,'دستور پخت'!$A$29:$A$34,0)),0) -> 0.50926531 | D9: =IFERROR(INDEX('بسته‌بندی'!$I$5:$I$10,MATCH($A9,'بسته‌بندی'!$A$5:$A$10,0)),0) -> 0.29 | E9: 0.6 | F9: =Overhead_Per_Item -> 6.7548077 | G9: 0 | H9: =$J9*'پروفایل کسب‌وکار'!$B$7 -> 0.52 | I9: =C9+D9+E9+F9+G9 -> 8.154073 | J9: 6.5 | K9: =J9-C9-D9 -> 5.7007347 | L9: =IFERROR(K9/J9,0) -> 0.87703611 | M9: =J9-I9 -> -1.654073 | N9: =IFERROR(M9/J9,0) -> -0.25447277 | O9: =IFERROR(C9/J9,0) -> 0.078348509 | P9: =IFERROR((J9-C9)/C9,0) -> 11.763485 | Q9: =I9 -> 8.154073 | R9: =IFERROR(I9/(1-'پروفایل کسب‌وکار'!$B$11),0) -> 9.5930271 | S9: =IFERROR(C9/'پروفایل کسب‌وکار'!$B$9,0) -> 1.697551 | T9: =J9-R9 -> -3.0930271 | U9: =IF(M9<0,"ضررده",IF(N9<'پروفایل کسب‌وکار'!$B$11*0.5,"حاشیه سود پایین",IF(N9<'پروفایل کسب‌وکار'!$B$11,"نیاز به بازبینی",IF(AND(N9>='پروفایل کسب‌وکار'!$B$11,O9<='پروفایل کسب‌وکار'!$B$9),"عالی","سالم")))) -> ضررده
A10: چای یخ | B10: نوشیدنی | C10: =IFERROR(INDEX('دستور پخت'!$C$29:$C$34,MATCH($A10,'دستور پخت'!$A$29:$A$34,0)),0) -> 0.3 | D10: =IFERROR(INDEX('بسته‌بندی'!$I$5:$I$10,MATCH($A10,'بسته‌بندی'!$A$5:$A$10,0)),0) -> 0.21 | E10: 0.3 | F10: =Overhead_Per_Item -> 6.7548077 | G10: 0 | H10: =$J10*'پروفایل کسب‌وکار'!$B$7 -> 0.28 | I10: =C10+D10+E10+F10+G10 -> 7.5648077 | J10: 3.5 | K10: =J10-C10-D10 -> 2.99 | L10: =IFERROR(K10/J10,0) -> 0.85428571 | M10: =J10-I10 -> -4.0648077 | N10: =IFERROR(M10/J10,0) -> -1.1613736 | O10: =IFERROR(C10/J10,0) -> 0.085714286 | P10: =IFERROR((J10-C10)/C10,0) -> 10.666667 | Q10: =I10 -> 7.5648077 | R10: =IFERROR(I10/(1-'پروفایل کسب‌وکار'!$B$11),0) -> 8.8997738 | S10: =IFERROR(C10/'پروفایل کسب‌وکار'!$B$9,0) -> 1 | T10: =J10-R10 -> -5.3997738 | U10: =IF(M10<0,"ضررده",IF(N10<'پروفایل کسب‌وکار'!$B$11*0.5,"حاشیه سود پایین",IF(N10<'پروفایل کسب‌وکار'!$B$11,"نیاز به بازبینی",IF(AND(N10>='پروفایل کسب‌وکار'!$B$11,O10<='پروفایل کسب‌وکار'!$B$9),"عالی","سالم")))) -> ضررده

Sheet فروش
A1: فروش
A2: ثبت روزانه فروش. از خروجی صندوق فروش کپی کنید — درآمد و سود به‌طور خودکار محاسبه می‌شوند.
A4: تاریخ | B4: آیتم منو | C4: تعداد | D4: درآمد | E4: سود ناخالص | F4: سود خالص
A5: 46235 | B5: پیتزا مارگاریتا | C5: 23 | D5: =IFERROR(C5*INDEX('قیمت‌گذاری منو'!$J$5:$J$10,MATCH(B5,'قیمت‌گذاری منو'!$A$5:$A$10,0)),0) -> 342.7 | E5: =IFERROR(C5*INDEX('قیمت‌گذاری منو'!$K$5:$K$10,MATCH(B5,'قیمت‌گذاری منو'!$A$5:$A$10,0)),0) -> 283.79118 | F5: =IFERROR(C5*INDEX('قیمت‌گذاری منو'!$M$5:$M$10,MATCH(B5,'قیمت‌گذاری منو'!$A$5:$A$10,0)),0) -> 100.8306
A6: 46235 | B6: پیتزا پپرونی | C6: 18 | D6: =IFERROR(C6*INDEX('قیمت‌گذاری منو'!$J$5:$J$10,MATCH(B6,'قیمت‌گذاری منو'!$A$5:$A$10,0)),0) -> 304.2 | E6: =IFERROR(C6*INDEX('قیمت‌گذاری منو'!$K$5:$K$10,MATCH(B6,'قیمت‌گذاری منو'!$A$5:$A$10,0)),0) -> 250.82482 | F6: =IFERROR(C6*INDEX('قیمت‌گذاری منو'!$M$5:$M$10,MATCH(B6,'قیمت‌گذاری منو'!$A$5:$A$10,0)),0) -> 105.83828
A7: 46235 | B7: سالاد سزار | C7: 5 | D7: =IFERROR(C7*INDEX('قیمت‌گذاری منو'!$J$5:$J$10,MATCH(B7,'قیمت‌گذاری منو'!$A$5:$A$10,0)),0) -> 57.5 | E7: =IFERROR(C7*INDEX('قیمت‌گذاری منو'!$K$5:$K$10,MATCH(B7,'قیمت‌گذاری منو'!$A$5:$A$10,0)),0) -> 50.716401 | F7: =IFERROR(C7*INDEX('قیمت‌گذاری منو'!$M$5:$M$10,MATCH(B7,'قیمت‌گذاری منو'!$A$5:$A$10,0)),0) -> 7.9423627
A8: 46235 | B8: برگر مرغ | C8: 21 | D8: =IFERROR(C8*INDEX('قیمت‌گذاری منو'!$J$5:$J$10,MATCH(B8,'قیمت‌گذاری منو'!$A$5:$A$10,0)),0) -> 270.9 | E8: =IFERROR(C8*INDEX('قیمت‌گذاری منو'!$K$5:$K$10,MATCH(B8,'قیمت‌گذاری منو'!$A$5:$A$10,0)),0) -> 246.75382 | F8: =IFERROR(C8*INDEX('قیمت‌گذاری منو'!$M$5:$M$10,MATCH(B8,'قیمت‌گذاری منو'!$A$5:$A$10,0)),0) -> 73.402862
A9: 46235 | B9: نان سیر | C9: 7 | D9: =IFERROR(C9*INDEX('قیمت‌گذاری منو'!$J$5:$J$10,MATCH(B9,'قیمت‌گذاری منو'!$A$5:$A$10,0)),0) -> 45.5 | E9: =IFERROR(C9*INDEX('قیمت‌گذاری منو'!$K$5:$K$10,MATCH(B9,'قیمت‌گذاری منو'!$A$5:$A$10,0)),0) -> 39.905143 | F9: =IFERROR(C9*INDEX('قیمت‌گذاری منو'!$M$5:$M$10,MATCH(B9,'قیمت‌گذاری منو'!$A$5:$A$10,0)),0) -> -11.578511
A10: 46235 | B10: چای یخ | C10: 12 | D10: =IFERROR(C10*INDEX('قیمت‌گذاری منو'!$J$5:$J$10,MATCH(B10,'قیمت‌گذاری منو'!$A$5:$A$10,0)),0) -> 42 | E10: =IFERROR(C10*INDEX('قیمت‌گذاری منو'!$K$5:$K$10,MATCH(B10,'قیمت‌گذاری منو'!$A$5:$A$10,0)),0) -> 35.88 | F10: =IFERROR(C10*INDEX('قیمت‌گذاری منو'!$M$5:$M$10,MATCH(B10,'قیمت‌گذاری منو'!$A$5:$A$10,0)),0) -> -48.777692
A11: 46236 | B11: پیتزا مارگاریتا | C11: 16 | D11: =IFERROR(C11*INDEX('قیمت‌گذاری منو'!$J$5:$J$10,MATCH(B11,'قیمت‌گذاری منو'!$A$5:$A$10,0)),0) -> 238.4 | E11: =IFERROR(C11*INDEX('قیمت‌گذاری منو'!$K$5:$K$10,MATCH(B11,'قیمت‌گذاری منو'!$A$5:$A$10,0)),0) -> 197.41995 | F11: =IFERROR(C11*INDEX('قیمت‌گذاری منو'!$M$5:$M$10,MATCH(B11,'قیمت‌گذاری منو'!$A$5:$A$10,0)),0) -> 70.143029
A12: 46236 | B12: پیتزا پپرونی | C12: 19 | D12: =IFERROR(C12*INDEX('قیمت‌گذاری منو'!$J$5:$J$10,MATCH(B12,'قیمت‌گذاری منو'!$A$5:$A$10,0)),0) -> 321.1 | E12: =IFERROR(C12*INDEX('قیمت‌گذاری منو'!$K$5:$K$10,MATCH(B12,'قیمت‌گذاری منو'!$A$5:$A$10,0)),0) -> 264.75953 | F12: =IFERROR(C12*INDEX('قیمت‌گذاری منو'!$M$5:$M$10,MATCH(B12,'قیمت‌گذاری منو'!$A$5:$A$10,0)),0) -> 111.71819
A13: 46236 | B13: سالاد سزار | C13: 16 | D13: =IFERROR(C13*INDEX('قیمت‌گذاری منو'!$J$5:$J$10,MATCH(B13,'قیمت‌گذاری منو'!$A$5:$A$10,0)),0) -> 184 | E13: =IFERROR(C13*INDEX('قیمت‌گذاری منو'!$K$5:$K$10,MATCH(B13,'قیمت‌گذاری منو'!$A$5:$A$10,0)),0) -> 162.29248 | F13: =IFERROR(C13*INDEX('قیمت‌گذاری منو'!$M$5:$M$10,MATCH(B13,'قیمت‌گذاری منو'!$A$5:$A$10,0)),0) -> 25.415561
A14: 46236 | B14: برگر مرغ | C14: 11 | D14: =IFERROR(C14*INDEX('قیمت‌گذاری منو'!$J$5:$J$10,MATCH(B14,'قیمت‌گذاری منو'!$A$5:$A$10,0)),0) -> 141.9 | E14: =IFERROR(C14*INDEX('قیمت‌گذاری منو'!$K$5:$K$10,MATCH(B14,'قیمت‌گذاری منو'!$A$5:$A$10,0)),0) -> 129.252 | F14: =IFERROR(C14*INDEX('قیمت‌گذاری منو'!$M$5:$M$10,MATCH(B14,'قیمت‌گذاری منو'!$A$5:$A$10,0)),0) -> 38.449118
A15: 46236 | B15: نان سیر | C15: 13 | D15: =IFERROR(C15*INDEX('قیمت‌گذاری منو'!$J$5:$J$10,MATCH(B15,'قیمت‌گذاری منو'!$A$5:$A$10,0)),0) -> 84.5 | E15: =IFERROR(C15*INDEX('قیمت‌گذاری منو'!$K$5:$K$10,MATCH(B15,'قیمت‌گذاری منو'!$A$5:$A$10,0)),0) -> 74.109551 | F15: =IFERROR(C15*INDEX('قیمت‌گذاری منو'!$M$5:$M$10,MATCH(B15,'قیمت‌گذاری منو'!$A$5:$A$10,0)),0) -> -21.502949
A16: 46236 | B16: چای یخ | C16: 20 | D16: =IFERROR(C16*INDEX('قیمت‌گذاری منو'!$J$5:$J$10,MATCH(B16,'قیمت‌گذاری منو'!$A$5:$A$10,0)),0) -> 70 | E16: =IFERROR(C16*INDEX('قیمت‌گذاری منو'!$K$5:$K$10,MATCH(B16,'قیمت‌گذاری منو'!$A$5:$A$10,0)),0) -> 59.8 | F16: =IFERROR(C16*INDEX('قیمت‌گذاری منو'!$M$5:$M$10,MATCH(B16,'قیمت‌گذاری منو'!$A$5:$A$10,0)),0) -> -81.296154
... A124: 46254 | B124: چای یخ | C124: 16 | D124: =IFERROR(C124*INDEX('قیمت‌گذاری منو'!$J$5:$J$10,MATCH(B124,'قیمت‌گذاری منو'!$A$5:$A$10,0)),0) -> 56 | E124: =IFERROR(C124*INDEX('قیمت‌گذاری منو'!$K$5:$K$10,MATCH(B124,'قیمت‌گذاری منو'!$A$5:$A$10,0)),0) -> 47.84 | F124: =IFERROR(C124*INDEX('قیمت‌گذاری منو'!$M$5:$M$10,MATCH(B124,'قیمت‌گذاری منو'!$A$5:$A$10,0)),0) -> -65.036923

Sheet خلاصه موجودی
A1: خلاصه موجودی
A2: وضعیت موجودی و هشدارهای سفارش مجدد، برگرفته از بانک اطلاعات مواد اولیه.
A4: ماده اولیه | B4: موجودی فعلی | C4: حداقل موجودی | D4: نیاز به سفارش مجدد | E4: تأمین‌کننده | F4: ارزش تخمینی موجودی
A5: ='بانک اطلاعات مواد اولیه'!A5 -> آرد (۰۰) | B5: ='بانک اطلاعات مواد اولیه'!I5 -> 120 | C5: ='بانک اطلاعات مواد اولیه'!J5 -> 40 | D5: =IF(B5<C5,"سفارش مجدد لازم","مناسب") -> مناسب | E5: ='بانک اطلاعات مواد اولیه'!C5 -> غذایی میلان | F5: =B5*'بانک اطلاعات مواد اولیه'!F5 -> 3900
A6: ='بانک اطلاعات مواد اولیه'!A6 -> موزارلا | B6: ='بانک اطلاعات مواد اولیه'!I6 -> 35 | C6: ='بانک اطلاعات مواد اولیه'!J6 -> 15 | D6: =IF(B6<C6,"سفارش مجدد لازم","مناسب") -> مناسب | E6: ='بانک اطلاعات مواد اولیه'!C6 -> لبنیات مستقیم | F6: =B6*'بانک اطلاعات مواد اولیه'!F6 -> 1330
A7: ='بانک اطلاعات مواد اولیه'!A7 -> سس گوجه‌فرنگی | B7: ='بانک اطلاعات مواد اولیه'!I7 -> 40 | C7: ='بانک اطلاعات مواد اولیه'!J7 -> 15 | D7: =IF(B7<C7,"سفارش مجدد لازم","مناسب") -> مناسب | E7: ='بانک اطلاعات مواد اولیه'!C7 -> غذایی میلان | F7: =B7*'بانک اطلاعات مواد اولیه'!F7 -> 560
A8: ='بانک اطلاعات مواد اولیه'!A8 -> پپرونی | B8: ='بانک اطلاعات مواد اولیه'!I8 -> 18 | C8: ='بانک اطلاعات مواد اولیه'!J8 -> 8 | D8: =IF(B8<C8,"سفارش مجدد لازم","مناسب") -> مناسب | E8: ='بانک اطلاعات مواد اولیه'!C8 -> شرکت گوشت پرایم | F8: =B8*'بانک اطلاعات مواد اولیه'!F8 -> 405
A9: ='بانک اطلاعات مواد اولیه'!A9 -> روغن زیتون | B9: ='بانک اطلاعات مواد اولیه'!I9 -> 20 | C9: ='بانک اطلاعات مواد اولیه'!J9 -> 8 | D9: =IF(B9<C9,"سفارش مجدد لازم","مناسب") -> مناسب | E9: ='بانک اطلاعات مواد اولیه'!C9 -> غذایی میلان | F9: =B9*'بانک اطلاعات مواد اولیه'!F9 -> 480
A10: ='بانک اطلاعات مواد اولیه'!A10 -> ریحان تازه | B10: ='بانک اطلاعات مواد اولیه'!I10 -> 3 | C10: ='بانک اطلاعات مواد اولیه'!J10 -> 1 | D10: =IF(B10<C10,"سفارش مجدد لازم","مناسب") -> مناسب | E10: ='بانک اطلاعات مواد اولیه'!C10 -> مزارع سبز | F10: =B10*'بانک اطلاعات مواد اولیه'!F10 -> 54
A11: ='بانک اطلاعات مواد اولیه'!A11 -> مخمر | B11: ='بانک اطلاعات مواد اولیه'!I11 -> 6 | C11: ='بانک اطلاعات مواد اولیه'!J11 -> 2 | D11: =IF(B11<C11,"سفارش مجدد لازم","مناسب") -> مناسب | E11: ='بانک اطلاعات مواد اولیه'!C11 -> غذایی میلان | F11: =B11*'بانک اطلاعات مواد اولیه'!F11 -> 57
A12: ='بانک اطلاعات مواد اولیه'!A12 -> سینه مرغ | B12: ='بانک اطلاعات مواد اولیه'!I12 -> 25 | C12: ='بانک اطلاعات مواد اولیه'!J12 -> 10 | D12: =IF(B12<C12,"سفارش مجدد لازم","مناسب") -> مناسب | E12: ='بانک اطلاعات مواد اولیه'!C12 -> شرکت گوشت پرایم | F12: =B12*'بانک اطلاعات مواد اولیه'!F12 -> 400
A13: ='بانک اطلاعات مواد اولیه'!A13 -> کاهو | B13: ='بانک اطلاعات مواد اولیه'!I13 -> 10 | C13: ='بانک اطلاعات مواد اولیه'!J13 -> 4 | D13: =IF(B13<C13,"سفارش مجدد لازم","مناسب") -> مناسب | E13: ='بانک اطلاعات مواد اولیه'!C13 -> مزارع سبز | F13: =B13*'بانک اطلاعات مواد اولیه'!F13 -> 42
A14: ='بانک اطلاعات مواد اولیه'!A14 -> نان برگر | B14: ='بانک اطلاعات مواد اولیه'!I14 -> 300 | C14: ='بانک اطلاعات مواد اولیه'!J14 -> 100 | D14: =IF(B14<C14,"سفارش مجدد لازم","مناسب") -> مناسب | E14: ='بانک اطلاعات مواد اولیه'!C14 -> نانوایی شهر | F14: =B14*'بانک اطلاعات مواد اولیه'!F14 -> 135
A15: ='بانک اطلاعات مواد اولیه'!A15 -> پارمزان | B15: ='بانک اطلاعات مواد اولیه'!I15 -> 6 | C15: ='بانک اطلاعات مواد اولیه'!J15 -> 2 | D15: =IF(B15<C15,"سفارش مجدد لازم","مناسب") -> مناسب | E15: ='بانک اطلاعات مواد اولیه'!C15 -> لبنیات مستقیم | F15: =B15*'بانک اطلاعات مواد اولیه'!F15 -> 252
A16: ='بانک اطلاعات مواد اولیه'!A16 -> پودر چای یخ | B16: ='بانک اطلاعات مواد اولیه'!I16 -> 30 | C16: ='بانک اطلاعات مواد اولیه'!J16 -> 10 | D16: =IF(B16<C16,"سفارش مجدد لازم","مناسب") -> مناسب | E16: ='بانک اطلاعات مواد اولیه'!C16 -> تأمین نوشیدنی | F16: =B16*'بانک اطلاعات مواد اولیه'!F16 -> 180

Sheet مهندسی منو
A1: مهندسی منو
A2: ماتریس کلاسیک ستاره / اسب زحمتکش / پازل / سگ، بر اساس حجم فروش و حاشیه سود واقعی.
A4: آیتم منو | B4: تعداد فروش (دوره) | C4: درصد حاشیه سود ناخالص | D4: میانگین تعداد فروش | E4: میانگین درصد حاشیه سود ناخالص | F4: طبقه‌بندی | G4: پیشنهاد
A5: ='قیمت‌گذاری منو'!A5 -> پیتزا مارگاریتا | B5: =SUMIFS(فروش!$C$5:$C$124,فروش!$B$5:$B$124,A5) -> 377 | C5: ='قیمت‌گذاری منو'!L5 -> 0.82810383 | D5: =AVERAGE(B5:B10) -> 298.33333 | E5: =AVERAGE(C5:C10) -> 0.86280934 | F5: =IF(AND(B5>=D5,C5>=E5),"⭐ ستاره",IF(AND(B5>=D5,C5<E5),"🐎 اسب زحمتکش",IF(AND(B5<D5,C5>=E5),"🧩 پازل","🐶 سگ"))) -> 🐎 اسب زحمتکش | G5: =IF(F5="⭐ ستاره","کیفیت را حفظ کنید و در منو قابل رؤیت نگه دارید",IF(F5="🐎 اسب زحمتکش","پرفروش اما حاشیه سود کم — قیمت را کمی افزایش دهید یا هزینه پرس را کاهش دهید",IF(F5="🧩 پازل","سودآور اما کم‌سفارش — تبلیغ کنید یا جایگاهی آن در منو را تغییر دهید","محبوبیت و سود پایین — حذف یا بازطراحی را در نظر بگیرید"))) -> پرفروش اما حاشیه سود کم — قیمت را کمی افزایش دهید یا هزینه پرس را کاهش دهید
A6: ='قیمت‌گذاری منو'!A6 -> پیتزا پپرونی | B6: =SUMIFS(فروش!$C$5:$C$124,فروش!$B$5:$B$124,A6) -> 441 | C6: ='قیمت‌گذاری منو'!L6 -> 0.82453919 | D6: =AVERAGE(B5:B10) -> 298.33333 | E6: =AVERAGE(C5:C10) -> 0.86280934 | F6: =IF(AND(B6>=D6,C6>=E6),"⭐ ستاره",IF(AND(B6>=D6,C6<E6),"🐎 اسب زحمتکش",IF(AND(B6<D6,C6>=E6),"🧩 پازل","🐶 سگ"))) -> 🐎 اسب زحمتکش | G6: =IF(F6="⭐ ستاره","کیفیت را حفظ کنید و در منو قابل رؤیت نگه دارید",IF(F6="🐎 اسب زحمتکش","پرفروش اما حاشیه سود کم — قیمت را کمی افزایش دهید یا هزینه پرس را کاهش دهید",IF(F6="🧩 پازل","سودآور اما کم‌سفارش — تبلیغ کنید یا جایگاهی آن در منو را تغییر دهید","محبوبیت و سود پایین — حذف یا بازطراحی را در نظر بگیرید"))) -> پرفروش اما حاشیه سود کم — قیمت را کمی افزایش دهید یا هزینه پرس را کاهش دهید
A7: ='قیمت‌گذاری منو'!A7 -> سالاد سزار | B7: =SUMIFS(فروش!$C$5:$C$124,فروش!$B$5:$B$124,A7) -> 210 | C7: ='قیمت‌گذاری منو'!L7 -> 0.88202437 | D7: =AVERAGE(B5:B10) -> 298.33333 | E7: =AVERAGE(C5:C10) -> 0.86280934 | F7: =IF(AND(B7>=D7,C7>=E7),"⭐ ستاره",IF(AND(B7>=D7,C7<E7),"🐎 اسب زحمتکش",IF(AND(B7<D7,C7>=E7),"🧩 پازل","🐶 سگ"))) -> 🧩 پازل | G7: =IF(F7="⭐ ستاره","کیفیت را حفظ کنید و در منو قابل رؤیت نگه دارید",IF(F7="🐎 اسب زحمتکش","پرفروش اما حاشیه سود کم — قیمت را کمی افزایش دهید یا هزینه پرس را کاهش دهید",IF(F7="🧩 پازل","سودآور اما کم‌سفارش — تبلیغ کنید یا جایگاهی آن در منو را تغییر دهید","محبوبیت و سود پایین — حذف یا بازطراحی را در نظر بگیرید"))) -> سودآور اما کم‌سفارش — تبلیغ کنید یا جایگاهی آن در منو را تغییر دهید
A8: ='قیمت‌گذاری منو'!A8 -> برگر مرغ | B8: =SUMIFS(فروش!$C$5:$C$124,فروش!$B$5:$B$124,A8) -> 321 | C8: ='قیمت‌گذاری منو'!L8 -> 0.91086683 | D8: =AVERAGE(B5:B10) -> 298.33333 | E8: =AVERAGE(C5:C10) -> 0.86280934 | F8: =IF(AND(B8>=D8,C8>=E8),"⭐ ستاره",IF(AND(B8>=D8,C8<E8),"🐎 اسب زحمتکش",IF(AND(B8<D8,C8>=E8),"🧩 پازل","🐶 سگ"))) -> ⭐ ستاره | G8: =IF(F8="⭐ ستاره","کیفیت را حفظ کنید و در منو قابل رؤیت نگه دارید",IF(F8="🐎 اسب زحمتکش","پرفروش اما حاشیه سود کم — قیمت را کمی افزایش دهید یا هزینه پرس را کاهش دهید",IF(F8="🧩 پازل","سودآور اما کم‌سفارش — تبلیغ کنید یا جایگاهی آن در منو را تغییر دهید","محبوبیت و سود پایین — حذف یا بازطراحی را در نظر بگیرید"))) -> کیفیت را حفظ کنید و در منو قابل رؤیت نگه دارید
A9: ='قیمت‌گذاری منو'!A9 -> نان سیر | B9: =SUMIFS(فروش!$C$5:$C$124,فروش!$B$5:$B$124,A9) -> 172 | C9: ='قیمت‌گذاری منو'!L9 -> 0.87703611 | D9: =AVERAGE(B5:B10) -> 298.33333 | E9: =AVERAGE(C5:C10) -> 0.86280934 | F9: =IF(AND(B9>=D9,C9>=E9),"⭐ ستاره",IF(AND(B9>=D9,C9<E9),"🐎 اسب زحمتکش",IF(AND(B9<D9,C9>=E9),"🧩 پازل","🐶 سگ"))) -> 🧩 پازل | G9: =IF(F9="⭐ ستاره","کیفیت را حفظ کنید و در منو قابل رؤیت نگه دارید",IF(F9="🐎 اسب زحمتکش","پرفروش اما حاشیه سود کم — قیمت را کمی افزایش دهید یا هزینه پرس را کاهش دهید",IF(F9="🧩 پازل","سودآور اما کم‌سفارش — تبلیغ کنید یا جایگاهی آن در منو را تغییر دهید","محبوبیت و سود پایین — حذف یا بازطراحی را در نظر بگیرید"))) -> سودآور اما کم‌سفارش — تبلیغ کنید یا جایگاهی آن در منو را تغییر دهید
A10: ='قیمت‌گذاری منو'!A10 -> چای یخ | B10: =SUMIFS(فروش!$C$5:$C$124,فروش!$B$5:$B$124,A10) -> 269 | C10: ='قیمت‌گذاری منو'!L10 -> 0.85428571 | D10: =AVERAGE(B5:B10) -> 298.33333 | E10: =AVERAGE(C5:C10) -> 0.86280934 | F10: =IF(AND(B10>=D10,C10>=E10),"⭐ ستاره",IF(AND(B10>=D10,C10<E10),"🐎 اسب زحمتکش",IF(AND(B10<D10,C10>=E10),"🧩 پازل","🐶 سگ"))) -> 🐶 سگ | G10: =IF(F10="⭐ ستاره","کیفیت را حفظ کنید و در منو قابل رؤیت نگه دارید",IF(F10="🐎 اسب زحمتکش","پرفروش اما حاشیه سود کم — قیمت را کمی افزایش دهید یا هزینه پرس را کاهش دهید",IF(F10="🧩 پازل","سودآور اما کم‌سفارش — تبلیغ کنید یا جایگاهی آن در منو را تغییر دهید","محبوبیت و سود پایین — حذف یا بازطراحی را در نظر بگیرید"))) -> محبوبیت و سود پایین — حذف یا بازطراحی را در نظر بگیرید

Sheet نشت سود
A1: نشت سود
A2: جایی که پول واقعاً از دست می‌رود، آیتم به آیتم، به دلار در ماه.
A4: آیتم منو | B4: نوع نشت | C4: جزئیات | D4: فاصله به ازای هر واحد | E4: تعداد فروش ماهانه (پیش‌بینی) | F4: زیان تخمینی ماهانه
A5: ='قیمت‌گذاری منو'!A5 -> پیتزا مارگاریتا | B5: =IF('قیمت‌گذاری منو'!O5>'پروفایل کسب‌وکار'!$B$9,"هزینه غذای بالا",IF('قیمت‌گذاری منو'!T5<0,"قیمت‌گذاری پایین‌تر از حد پیشنهادی",IF('قیمت‌گذاری منو'!U5="ضررده","فروش زیر قیمت تمام‌شده","هیچ"))) -> هیچ | C5: =IF(B5="هزینه غذای بالا","هزینه غذا "&TEXT('قیمت‌گذاری منو'!O5,"0.0%")&" در برابر هدف "&TEXT('پروفایل کسب‌وکار'!$B$9,"0.0%"),IF(B5="قیمت‌گذاری پایین‌تر از حد پیشنهادی","قیمت "&TEXT(-'قیمت‌گذاری منو'!T5,"$0.00")&" پایین‌تر از قیمت پیشنهادی",IF(B5="فروش زیر قیمت تمام‌شده","قیمت فروش، هزینه تمام‌شده هر واحد را پوشش نمی‌دهد","نشتی شناسایی نشد"))) -> نشتی شناسایی نشد | D5: =MAX(0,-'قیمت‌گذاری منو'!T5) -> 0 | E5: =IFERROR(SUMIFS(فروش!$C$5:$C$124,فروش!$B$5:$B$124,A5)/((فروش!$A$124-فروش!$A$5+1)/'پروفایل کسب‌وکار'!$B$8*'پروفایل کسب‌وکار'!$B$8) * 'پروفایل کسب‌وکار'!$B$8,0) -> 490.1 | F5: =D5*E5 -> 0
A6: ='قیمت‌گذاری منو'!A6 -> پیتزا پپرونی | B6: =IF('قیمت‌گذاری منو'!O6>'پروفایل کسب‌وکار'!$B$9,"هزینه غذای بالا",IF('قیمت‌گذاری منو'!T6<0,"قیمت‌گذاری پایین‌تر از حد پیشنهادی",IF('قیمت‌گذاری منو'!U6="ضررده","فروش زیر قیمت تمام‌شده","هیچ"))) -> هیچ | C6: =IF(B6="هزینه غذای بالا","هزینه غذا "&TEXT('قیمت‌گذاری منو'!O6,"0.0%")&" در برابر هدف "&TEXT('پروفایل کسب‌وکار'!$B$9,"0.0%"),IF(B6="قیمت‌گذاری پایین‌تر از حد پیشنهادی","قیمت "&TEXT(-'قیمت‌گذاری منو'!T6,"$0.00")&" پایین‌تر از قیمت پیشنهادی",IF(B6="فروش زیر قیمت تمام‌شده","قیمت فروش، هزینه تمام‌شده هر واحد را پوشش نمی‌دهد","نشتی شناسایی نشد"))) -> نشتی شناسایی نشد | D6: =MAX(0,-'قیمت‌گذاری منو'!T6) -> 0 | E6: =IFERROR(SUMIFS(فروش!$C$5:$C$124,فروش!$B$5:$B$124,A6)/((فروش!$A$124-فروش!$A$5+1)/'پروفایل کسب‌وکار'!$B$8*'پروفایل کسب‌وکار'!$B$8) * 'پروفایل کسب‌وکار'!$B$8,0) -> 573.3 | F6: =D6*E6 -> 0
A7: ='قیمت‌گذاری منو'!A7 -> سالاد سزار | B7: =IF('قیمت‌گذاری منو'!O7>'پروفایل کسب‌وکار'!$B$9,"هزینه غذای بالا",IF('قیمت‌گذاری منو'!T7<0,"قیمت‌گذاری پایین‌تر از حد پیشنهادی",IF('قیمت‌گذاری منو'!U7="ضررده","فروش زیر قیمت تمام‌شده","هیچ"))) -> قیمت‌گذاری پایین‌تر از حد پیشنهادی | C7: =IF(B7="هزینه غذای بالا","هزینه غذا "&TEXT('قیمت‌گذاری منو'!O7,"0.0%")&" در برابر هدف "&TEXT('پروفایل کسب‌وکار'!$B$9,"0.0%"),IF(B7="قیمت‌گذاری پایین‌تر از حد پیشنهادی","قیمت "&TEXT(-'قیمت‌گذاری منو'!T7,"$0.00")&" پایین‌تر از قیمت پیشنهادی",IF(B7="فروش زیر قیمت تمام‌شده","قیمت فروش، هزینه تمام‌شده هر واحد را پوشش نمی‌دهد","نشتی شناسایی نشد"))) -> قیمت $0.16 پایین‌تر از قیمت پیشنهادی | D7: =MAX(0,-'قیمت‌گذاری منو'!T7) -> 0.16062054 | E7: =IFERROR(SUMIFS(فروش!$C$5:$C$124,فروش!$B$5:$B$124,A7)/((فروش!$A$124-فروش!$A$5+1)/'پروفایل کسب‌وکار'!$B$8*'پروفایل کسب‌وکار'!$B$8) * 'پروفایل کسب‌وکار'!$B$8,0) -> 273 | F7: =D7*E7 -> 43.849407
A8: ='قیمت‌گذاری منو'!A8 -> برگر مرغ | B8: =IF('قیمت‌گذاری منو'!O8>'پروفایل کسب‌وکار'!$B$9,"هزینه غذای بالا",IF('قیمت‌گذاری منو'!T8<0,"قیمت‌گذاری پایین‌تر از حد پیشنهادی",IF('قیمت‌گذاری منو'!U8="ضررده","فروش زیر قیمت تمام‌شده","هیچ"))) -> هیچ | C8: =IF(B8="هزینه غذای بالا","هزینه غذا "&TEXT('قیمت‌گذاری منو'!O8,"0.0%")&" در برابر هدف "&TEXT('پروفایل کسب‌وکار'!$B$9,"0.0%"),IF(B8="قیمت‌گذاری پایین‌تر از حد پیشنهادی","قیمت "&TEXT(-'قیمت‌گذاری منو'!T8,"$0.00")&" پایین‌تر از قیمت پیشنهادی",IF(B8="فروش زیر قیمت تمام‌شده","قیمت فروش، هزینه تمام‌شده هر واحد را پوشش نمی‌دهد","نشتی شناسایی نشد"))) -> نشتی شناسایی نشد | D8: =MAX(0,-'قیمت‌گذاری منو'!T8) -> 0 | E8: =IFERROR(SUMIFS(فروش!$C$5:$C$124,فروش!$B$5:$B$124,A8)/((فروش!$A$124-فروش!$A$5+1)/'پروفایل کسب‌وکار'!$B$8*'پروفایل کسب‌وکار'!$B$8) * 'پروفایل کسب‌وکار'!$B$8,0) -> 417.3 | F8: =D8*E8 -> 0
A9: ='قیمت‌گذاری منو'!A9 -> نان سیر | B9: =IF('قیمت‌گذاری منو'!O9>'پروفایل کسب‌وکار'!$B$9,"هزینه غذای بالا",IF('قیمت‌گذاری منو'!T9<0,"قیمت‌گذاری پایین‌تر از حد پیشنهادی",IF('قیمت‌گذاری منو'!U9="ضررده","فروش زیر قیمت تمام‌شده","هیچ"))) -> قیمت‌گذاری پایین‌تر از حد پیشنهادی | C9: =IF(B9="هزینه غذای بالا","هزینه غذا "&TEXT('قیمت‌گذاری منو'!O9,"0.0%")&" در برابر هدف "&TEXT('پروفایل کسب‌وکار'!$B$9,"0.0%"),IF(B9="قیمت‌گذاری پایین‌تر از حد پیشنهادی","قیمت "&TEXT(-'قیمت‌گذاری منو'!T9,"$0.00")&" پایین‌تر از قیمت پیشنهادی",IF(B9="فروش زیر قیمت تمام‌شده","قیمت فروش، هزینه تمام‌شده هر واحد را پوشش نمی‌دهد","نشتی شناسایی نشد"))) -> قیمت $3.09 پایین‌تر از قیمت پیشنهادی | D9: =MAX(0,-'قیمت‌گذاری منو'!T9) -> 3.0930271 | E9: =IFERROR(SUMIFS(فروش!$C$5:$C$124,فروش!$B$5:$B$124,A9)/((فروش!$A$124-فروش!$A$5+1)/'پروفایل کسب‌وکار'!$B$8*'پروفایل کسب‌وکار'!$B$8) * 'پروفایل کسب‌وکار'!$B$8,0) -> 223.6 | F9: =D9*E9 -> 691.60085
A10: ='قیمت‌گذاری منو'!A10 -> چای یخ | B10: =IF('قیمت‌گذاری منو'!O10>'پروفایل کسب‌وکار'!$B$9,"هزینه غذای بالا",IF('قیمت‌گذاری منو'!T10<0,"قیمت‌گذاری پایین‌تر از حد پیشنهادی",IF('قیمت‌گذاری منو'!U10="ضررده","فروش زیر قیمت تمام‌شده","هیچ"))) -> قیمت‌گذاری پایین‌تر از حد پیشنهادی | C10: =IF(B10="هزینه غذای بالا","هزینه غذا "&TEXT('قیمت‌گذاری منو'!O10,"0.0%")&" در برابر هدف "&TEXT('پروفایل کسب‌وکار'!$B$9,"0.0%"),IF(B10="قیمت‌گذاری پایین‌تر از حد پیشنهادی","قیمت "&TEXT(-'قیمت‌گذاری منو'!T10,"$0.00")&" پایین‌تر از قیمت پیشنهادی",IF(B10="فروش زیر قیمت تمام‌شده","قیمت فروش، هزینه تمام‌شده هر واحد را پوشش نمی‌دهد","نشتی شناسایی نشد"))) -> قیمت $5.40 پایین‌تر از قیمت پیشنهادی | D10: =MAX(0,-'قیمت‌گذاری منو'!T10) -> 5.3997738 | E10: =IFERROR(SUMIFS(فروش!$C$5:$C$124,فروش!$B$5:$B$124,A10)/((فروش!$A$124-فروش!$A$5+1)/'پروفایل کسب‌وکار'!$B$8*'پروفایل کسب‌وکار'!$B$8) * 'پروفایل کسب‌وکار'!$B$8,0) -> 349.7 | F10: =D10*E10 -> 1888.3009
A12: مجموع تخمینی نشت سود ماهانه | F12: =SUM(F5:F10) -> 2623.7511

Sheet پیشنهادها
A1: پیشنهادها
A2: اقدامات اولویت‌بندی‌شده و تولیدشده به‌طور خودکار بر اساس بقیه فایل.
A4: اولویت | B4: آیتم منو | C4: پیشنهاد | D4: تأثیر تخمینی
A5: =IF('قیمت‌گذاری منو'!U5="ضررده",1,IF('قیمت‌گذاری منو'!U5="حاشیه سود پایین",2,IF('قیمت‌گذاری منو'!U5="نیاز به بازبینی",3,4))) -> 4 | B5: ='قیمت‌گذاری منو'!A5 -> پیتزا مارگاریتا | C5: =IF('قیمت‌گذاری منو'!U5="ضررده","قیمت را حداقل به "&TEXT('قیمت‌گذاری منو'!R5,"$0.00")&" برسانید یا هزینه دستور پخت/بسته‌بندی را کاهش دهید — در حال حاضر زیر هزینه کل فروخته می‌شود",IF('قیمت‌گذاری منو'!U5="حاشیه سود پایین","قیمت را به سمت "&TEXT('قیمت‌گذاری منو'!R5,"$0.00")&" افزایش دهید یا هزینه مواد اولیه را برای رسیدن به حاشیه سود هدف کاهش دهید",IF('قیمت‌گذاری منو'!U5="نیاز به بازبینی","قیمت‌گذاری را بازبینی کنید — نزدیک به هدف است اما هنوز نرسیده","عملکرد خوب — کیفیت را حفظ کنید و به تبلیغ آن ادامه دهید"))) -> عملکرد خوب — کیفیت را حفظ کنید و به تبلیغ آن ادامه دهید | D5: =MAX(0,'قیمت‌گذاری منو'!R5-'قیمت‌گذاری منو'!J5)*SUMIFS(فروش!$C$5:$C$124,فروش!$B$5:$B$124,B5) -> 0
A6: =IF('قیمت‌گذاری منو'!U6="ضررده",1,IF('قیمت‌گذاری منو'!U6="حاشیه سود پایین",2,IF('قیمت‌گذاری منو'!U6="نیاز به بازبینی",3,4))) -> 4 | B6: ='قیمت‌گذاری منو'!A6 -> پیتزا پپرونی | C6: =IF('قیمت‌گذاری منو'!U6="ضررده","قیمت را حداقل به "&TEXT('قیمت‌گذاری منو'!R6,"$0.00")&" برسانید یا هزینه دستور پخت/بسته‌بندی را کاهش دهید — در حال حاضر زیر هزینه کل فروخته می‌شود",IF('قیمت‌گذاری منو'!U6="حاشیه سود پایین","قیمت را به سمت "&TEXT('قیمت‌گذاری منو'!R6,"$0.00")&" افزایش دهید یا هزینه مواد اولیه را برای رسیدن به حاشیه سود هدف کاهش دهید",IF('قیمت‌گذاری منو'!U6="نیاز به بازبینی","قیمت‌گذاری را بازبینی کنید — نزدیک به هدف است اما هنوز نرسیده","عملکرد خوب — کیفیت را حفظ کنید و به تبلیغ آن ادامه دهید"))) -> عملکرد خوب — کیفیت را حفظ کنید و به تبلیغ آن ادامه دهید | D6: =MAX(0,'قیمت‌گذاری منو'!R6-'قیمت‌گذاری منو'!J6)*SUMIFS(فروش!$C$5:$C$124,فروش!$B$5:$B$124,B6) -> 0
A7: =IF('قیمت‌گذاری منو'!U7="ضررده",1,IF('قیمت‌گذاری منو'!U7="حاشیه سود پایین",2,IF('قیمت‌گذاری منو'!U7="نیاز به بازبینی",3,4))) -> 3 | B7: ='قیمت‌گذاری منو'!A7 -> سالاد سزار | C7: =IF('قیمت‌گذاری منو'!U7="ضررده","قیمت را حداقل به "&TEXT('قیمت‌گذاری منو'!R7,"$0.00")&" برسانید یا هزینه دستور پخت/بسته‌بندی را کاهش دهید — در حال حاضر زیر هزینه کل فروخته می‌شود",IF('قیمت‌گذاری منو'!U7="حاشیه سود پایین","قیمت را به سمت "&TEXT('قیمت‌گذاری منو'!R7,"$0.00")&" افزایش دهید یا هزینه مواد اولیه را برای رسیدن به حاشیه سود هدف کاهش دهید",IF('قیمت‌گذاری منو'!U7="نیاز به بازبینی","قیمت‌گذاری را بازبینی کنید — نزدیک به هدف است اما هنوز نرسیده","عملکرد خوب — کیفیت را حفظ کنید و به تبلیغ آن ادامه دهید"))) -> قیمت‌گذاری را بازبینی کنید — نزدیک به هدف است اما هنوز نرسیده | D7: =MAX(0,'قیمت‌گذاری منو'!R7-'قیمت‌گذاری منو'!J7)*SUMIFS(فروش!$C$5:$C$124,فروش!$B$5:$B$124,B7) -> 33.730313
A8: =IF('قیمت‌گذاری منو'!U8="ضررده",1,IF('قیمت‌گذاری منو'!U8="حاشیه سود پایین",2,IF('قیمت‌گذاری منو'!U8="نیاز به بازبینی",3,4))) -> 4 | B8: ='قیمت‌گذاری منو'!A8 -> برگر مرغ | C8: =IF('قیمت‌گذاری منو'!U8="ضررده","قیمت را حداقل به "&TEXT('قیمت‌گذاری منو'!R8,"$0.00")&" برسانید یا هزینه دستور پخت/بسته‌بندی را کاهش دهید — در حال حاضر زیر هزینه کل فروخته می‌شود",IF('قیمت‌گذاری منو'!U8="حاشیه سود پایین","قیمت را به سمت "&TEXT('قیمت‌گذاری منو'!R8,"$0.00")&" افزایش دهید یا هزینه مواد اولیه را برای رسیدن به حاشیه سود هدف کاهش دهید",IF('قیمت‌گذاری منو'!U8="نیاز به بازبینی","قیمت‌گذاری را بازبینی کنید — نزدیک به هدف است اما هنوز نرسیده","عملکرد خوب — کیفیت را حفظ کنید و به تبلیغ آن ادامه دهید"))) -> عملکرد خوب — کیفیت را حفظ کنید و به تبلیغ آن ادامه دهید | D8: =MAX(0,'قیمت‌گذاری منو'!R8-'قیمت‌گذاری منو'!J8)*SUMIFS(فروش!$C$5:$C$124,فروش!$B$5:$B$124,B8) -> 0
A9: =IF('قیمت‌گذاری منو'!U9="ضررده",1,IF('قیمت‌گذاری منو'!U9="حاشیه سود پایین",2,IF('قیمت‌گذاری منو'!U9="نیاز به بازبینی",3,4))) -> 1 | B9: ='قیمت‌گذاری منو'!A9 -> نان سیر | C9: =IF('قیمت‌گذاری منو'!U9="ضررده","قیمت را حداقل به "&TEXT('قیمت‌گذاری منو'!R9,"$0.00")&" برسانید یا هزینه دستور پخت/بسته‌بندی را کاهش دهید — در حال حاضر زیر هزینه کل فروخته می‌شود",IF('قیمت‌گذاری منو'!U9="حاشیه سود پایین","قیمت را به سمت "&TEXT('قیمت‌گذاری منو'!R9,"$0.00")&" افزایش دهید یا هزینه مواد اولیه را برای رسیدن به حاشیه سود هدف کاهش دهید",IF('قیمت‌گذاری منو'!U9="نیاز به بازبینی","قیمت‌گذاری را بازبینی کنید — نزدیک به هدف است اما هنوز نرسیده","عملکرد خوب — کیفیت را حفظ کنید و به تبلیغ آن ادامه دهید"))) -> قیمت را حداقل به $9.59 برسانید یا هزینه دستور پخت/بسته‌بندی را کاهش دهید — در حال حاضر زیر هزینه کل فروخته می‌شود | D9: =MAX(0,'قیمت‌گذاری منو'!R9-'قیمت‌گذاری منو'!J9)*SUMIFS(فروش!$C$5:$C$124,فروش!$B$5:$B$124,B9) -> 532.00065
A10: =IF('قیمت‌گذاری منو'!U10="ضررده",1,IF('قیمت‌گذاری منو'!U10="حاشیه سود پایین",2,IF('قیمت‌گذاری منو'!U10="نیاز به بازبینی",3,4))) -> 1 | B10: ='قیمت‌گذاری منو'!A10 -> چای یخ | C10: =IF('قیمت‌گذاری منو'!U10="ضررده","قیمت را حداقل به "&TEXT('قیمت‌گذاری منو'!R10,"$0.00")&" برسانید یا هزینه دستور پخت/بسته‌بندی را کاهش دهید — در حال حاضر زیر هزینه کل فروخته می‌شود",IF('قیمت‌گذاری منو'!U10="حاشیه سود پایین","قیمت را به سمت "&TEXT('قیمت‌گذاری منو'!R10,"$0.00")&" افزایش دهید یا هزینه مواد اولیه را برای رسیدن به حاشیه سود هدف کاهش دهید",IF('قیمت‌گذاری منو'!U10="نیاز به بازبینی","قیمت‌گذاری را بازبینی کنید — نزدیک به هدف است اما هنوز نرسیده","عملکرد خوب — کیفیت را حفظ کنید و به تبلیغ آن ادامه دهید"))) -> قیمت را حداقل به $8.90 برسانید یا هزینه دستور پخت/بسته‌بندی را کاهش دهید — در حال حاضر زیر هزینه کل فروخته می‌شود | D10: =MAX(0,'قیمت‌گذاری منو'!R10-'قیمت‌گذاری منو'!J10)*SUMIFS(فروش!$C$5:$C$124,فروش!$B$5:$B$124,B10) -> 1452.5391

Sheet امتیاز سلامت رستوران
A1: امتیاز سلامت رستوران
A2: یک امتیاز واحد بین ۰ تا ۱۰۰ که ده عامل وزن‌دار سودآوری را ترکیب می‌کند.
A4: عامل | B4: وزن | C4: شاخص خام | D4: امتیاز (۰ تا ۱۰۰) | E4: امتیاز وزن‌دار
A5: هزینه غذا | B5: 0.2 | C5: =AVERAGE('قیمت‌گذاری منو'!$O$5:$O$10) -> 0.086018687 | D5: =MIN(100,MAX(0,100*(2-(C5/'پروفایل کسب‌وکار'!$B$9)))) -> 100 | E5: =D5*B5 -> 20
A6: حاشیه سود خالص | B6: 0.2 | C6: =AVERAGE('قیمت‌گذاری منو'!$N$5:$N$10) -> -0.060768605 | D6: =MIN(100,MAX(0,100*(C6/'پروفایل کسب‌وکار'!$B$11))) -> 0 | E6: =D6*B6 -> 0
A7: حاشیه سود ناخالص | B7: 0.1 | C7: =AVERAGE('قیمت‌گذاری منو'!$L$5:$L$10) -> 0.86280934 | D7: =MIN(100,MAX(0,100*(C7/'پروفایل کسب‌وکار'!$B$10))) -> 100 | E7: =D7*B7 -> 10
A8: درصد ضایعات | B8: 0.1 | C8: =AVERAGE('بانک اطلاعات مواد اولیه'!$G$5:$G$16) -> 0.040833333 | D8: =MIN(100,MAX(0,100*(1-C8/0.15))) -> 72.777778 | E8: =D8*B8 -> 7.2777778
A9: نسبت هزینه بسته‌بندی | B9: 0.05 | C9: =AVERAGE('قیمت‌گذاری منو'!$D$5:$D$10)/AVERAGE('قیمت‌گذاری منو'!$J$5:$J$10) -> 0.051661631 | D9: =MIN(100,MAX(0,100*(1-C9/0.2))) -> 74.169184 | E9: =D9*B9 -> 3.7084592
A10: نسبت سربار | B10: 0.1 | C10: ='هزینه‌های عملیاتی'!$B$20/'پروفایل کسب‌وکار'!$B$13 -> 0.526875 | D10: =MIN(100,MAX(0,100*(1-C10/0.6))) -> 12.1875 | E10: =D10*B10 -> 1.21875
A11: سودآوری (آیتم‌های غیرزیان‌ده) | B11: 0.1 | C11: =COUNTIF('قیمت‌گذاری منو'!$M$5:$M$10,">=0")/COUNTA('قیمت‌گذاری منو'!$A$5:$A$10) -> 0.66666667 | D11: =C11*100 -> 66.666667 | E11: =D11*B11 -> 6.6666667
A12: دقت قیمت‌گذاری (در حد یا بالاتر از پیشنهادی) | B12: 0.05 | C12: =COUNTIF('قیمت‌گذاری منو'!$T$5:$T$10,">=0")/COUNTA('قیمت‌گذاری منو'!$A$5:$A$10) -> 0.5 | D12: =C12*100 -> 50 | E12: =D12*B12 -> 2.5
A13: سلامت موجودی (موجودی بالای حداقل) | B13: 0.05 | C13: =SUMPRODUCT(('بانک اطلاعات مواد اولیه'!$I$5:$I$16>='بانک اطلاعات مواد اولیه'!$J$5:$J$16)*1)/COUNTA('بانک اطلاعات مواد اولیه'!$A$5:$A$16) -> 1 | D13: =C13*100 -> 100 | E13: =D13*B13 -> 5
A14: سهم آیتم‌های کم‌ریسک (عالی/سالم) | B14: 0.05 | C14: =(COUNTIF('قیمت‌گذاری منو'!$U$5:$U$10,"عالی")+COUNTIF('قیمت‌گذاری منو'!$U$5:$U$10,"سالم"))/COUNTA('قیمت‌گذاری منو'!$A$5:$A$10) -> 0.5 | D14: =C14*100 -> 50 | E14: =D14*B14 -> 2.5
A16: امتیاز سلامت رستوران | D16: =SUM(E5:E14) -> 58.871654
A17: سطح عملکرد | D17: =IF(D16>=90,"عالی",IF(D16>=75,"سالم",IF(D16>=60,"نیاز به توجه",IF(D16>=40,"ضعیف","بحرانی")))) -> ضعیف
